﻿学号,姓名,专业,入学日期,身份证号,性别,民族,联系电话,电子邮箱,家庭住址,紧急联系人,紧急联系电话,班主任/辅导员工号
2026001,赵子轩,计算机科学,2026-09-01,110101200803151234,男,汉族,13812345678,zhaozx@univ.edu.cn,北京市海淀区中关村南大街1号,赵建国,13912345678,EMP-00001
2026002,孙雅琪,心理学,2026-09,310101200805202345,女,回族,13987654321,,上海市黄浦区南京东路100号,孙明,13800002222,EMP-00002
2021001,张伟 (已更新),计算机科学,2021-09-01,110101200301011234,男,汉族,13800138999,zhangwei.updated@univ.edu.cn,北京市朝阳区北苑路88号,张建军,13900139001,EMP-00001
2026003,钱雨晨,天文学与魔法学,2026-09-01,110101200806123456,女,汉族,13700001111,qianyc@univ.edu.cn,广州市天河区天河路123号,钱父,13700002222,EMP-00001
2026004,周杰,生物学,2026-09-01,123456,男,汉族,12345,zhouj@univ.edu.cn,成都市锦江区春熙路66号,周母,13600001111,EMP-00001
,未知姓名,计算机科学,2026-09-01,110101200808081234,男,汉族,13600002222,unknown@univ.edu.cn,武汉市武昌区珞珈山路1号,李雷,13600003333,EMP-00001
2026005,吴磊,艺术史,2026-09-01,110101200809091234,男,汉族,13500003333,wulei@univ.edu.cn,南京市玄武区中山东路88号,吴父,13500004444,EMP-99999
2026006,郑恺,计算机科学,2026-09-01,110101200810101234,男,汉族,13400004444,zhengk@univ.edu.cn,杭州市西湖区文三路99号,郑母,13400005555,EMP-00001
2026006,郑恺 (同文件重复),计算机科学,2026-09-01,110101200810101234,男,汉族,13400004444,zhengk2@univ.edu.cn,杭州市西湖区文三路99号,郑母,13400005555,EMP-00001
